Date,From,Subject,Text mail
"Fri, 04 Nov 2022 20:51:49 +0000",Google <no-reply@accounts.google.com>,Alerta de segurança para marciomizu@gmail.com,"Esta é uma cópia de um alerta de segurança enviado para
marciomizu@gmail.com
.
marciomizuhara@hotmail.com
é o e-mail de recuperação dessa conta.
Se você não reconhece a conta,
remova
seu e-mail.
Senhas de app foram criadas para fazer login na sua conta
marciomizu@gmail.com
Se você não gerou essa senha para E-mail no meu Computador Windows, alguém pode estar usando sua conta. Verifique e proteja a conta imediatamente.
Verificar atividade
Você também pode ver as atividades de segurança em
https://myaccount.google.com/notifications
Este e-mail foi enviado a você para informar sobre alterações importantes na sua Conta do Google e serviços relacionados.
© 2022 Google LLC,
1600 Amphitheatre Parkway, Mountain View, CA 94043, USA"
"Fri, 04 Nov 2022 20:51:49 +0000",Google <no-reply@accounts.google.com>,Alerta de segurança,"Senhas de app foram criadas para fazer login na sua conta
marciomizu@gmail.com
Se você não gerou essa senha para E-mail no meu Computador Windows, alguém pode estar usando sua conta. Verifique e proteja a conta imediatamente.
Verificar atividade
Você também pode ver as atividades de segurança em
https://myaccount.google.com/notifications
Este e-mail foi enviado a você para informar sobre alterações importantes na sua Conta do Google e serviços relacionados.
© 2022 Google LLC,
1600 Amphitheatre Parkway, Mountain View, CA 94043, USA"
